{"cameraMode":{"drawMode":0,"name":"Shaded","section":"Shading Mode"},"sceneLighting":false,"audioPlay":false,"sceneViewState":{"showFog":false,"showMaterialUpdate":false,"showSkybox":false,"showFlares":true,"showImageEffects":true,"showParticleSystems":true},"in2DMode":false,"pivot":{"x":67.53508758544922,"y":42.824607849121097,"z":5.161703586578369},"rotation":{"x":0.017612582072615625,"y":0.9048554301261902,"z":0.03811972588300705,"w":-0.42375096678733828},"size":10.0,"orthographic":true}