{"cameraMode":{"drawMode":0,"name":"Shaded","section":"Shading Mode"},"sceneLighting":true,"audioPlay":false,"sceneViewState":{"showFog":false,"showMaterialUpdate":false,"showSkybox":true,"showFlares":true,"showImageEffects":true,"showParticleSystems":true},"in2DMode":false,"pivot":{"x":-424.9908447265625,"y":829.020263671875,"z":36.57398223876953},"rotation":{"x":0.0007135384366847575,"y":0.9992635846138,"z":-0.028487952426075937,"w":0.02698392979800701},"size":172.87100219726563,"orthographic":true}